airport,date,pax_actual,pax_pred,lower,upper,in_interval
FR_LFLL,2025-01-01,747981,735432.5733329494,678254.4766196787,792610.6700462202,True
FR_LFLL,2025-02-01,745018,783181.056393532,722290.6310707505,844071.4817163134,True
FR_LFLL,2025-03-01,852102,871394.4743302274,803645.6699730038,939143.2786874509,True
FR_LFLL,2025-04-01,926335,976489.2003286012,900569.5362283061,1052408.8644288962,True
FR_LFLL,2025-05-01,969096,1006504.1644489266,928250.9097741216,1084757.4191237316,True
FR_LFLL,2025-06-01,981184,1014994.310003843,936080.9671289074,1093907.6528787785,True
FR_LFLL,2025-07-01,985648,1041641.7608868475,960656.6434142144,1122626.8783594808,True
FR_LFLL,2025-08-01,1009879,1052511.1206262757,970680.9368281522,1134341.304424399,True
FR_LFLL,2025-09-01,922880,1009331.5804151646,930858.5010148466,1087804.6598154826,False
FR_LFLL,2025-10-01,975077,976576.700335311,900650.233321972,1052503.16734865,True
FR_LFLL,2025-11-01,723167,779379.2327789771,718784.3900101947,839974.0755477595,True
FR_LFRS,2025-01-01,390737,415447.7446344115,383147.69132787635,447747.7979409466,True
FR_LFRS,2025-02-01,438681,412102.76376443,380062.77459786227,444142.75293099775,True
FR_LFRS,2025-03-01,499448,475131.85055895563,438191.50294871186,512072.1981691994,True
FR_LFRS,2025-04-01,678341,586414.7071179888,540822.3876403244,632007.0265956533,False
FR_LFRS,2025-05-01,716242,664890.6633185984,613197.0288108294,716584.2978263674,True
FR_LFRS,2025-06-01,708047,711296.4635767884,655994.8907869353,766598.0363666415,True
FR_LFRS,2025-07-01,718399,757188.6171569811,698319.0408669614,816058.1934470009,True
FR_LFRS,2025-08-01,766702,747634.8596184272,689508.0647774789,805761.6544593755,True
FR_LFRS,2025-09-01,665009,682269.606098892,629224.8009915361,735314.411206248,True
FR_LFRS,2025-10-01,686827,679464.3628130453,626637.6585591441,732291.0670669464,True
FR_LFRS,2025-11-01,426348,474171.30465976935,437305.6371606774,511036.9721588613,False
HU_LHBP,2025-01-01,1288598,1328994.9546631705,1225668.8241590525,1432321.0851672885,True
HU_LHBP,2025-02-01,1242494,1318061.2776776897,1215585.21400876,1420537.3413466194,True
HU_LHBP,2025-03-01,1464260,1489198.2045617432,1373416.6604022747,1604979.7487212117,True
HU_LHBP,2025-04-01,1659958,1587791.762202155,1464344.8083525493,1711238.7160517608,True
HU_LHBP,2025-05-01,1694523,1620161.6489560395,1494198.015015663,1746125.2828964158,True
HU_LHBP,2025-06-01,1690695,1679701.2326823461,1549108.5406882283,1810293.924676464,True
HU_LHBP,2025-07-01,1839837,1807775.0269586209,1667224.9084632853,1948325.1454539564,True
HU_LHBP,2025-08-01,1898331,1875706.1896200182,1729874.588186151,2021537.7910538854,True
HU_LHBP,2025-09-01,1791601,1814373.1638925094,1673310.0562729316,1955436.2715120872,True
HU_LHBP,2025-10-01,1812101,1796080.9891051722,1656440.0536561122,1935721.9245542323,True
HU_LHBP,2025-11-01,1548072,1663964.6177067335,1534595.409313481,1793333.826099986,True
HU_LHBP,2025-12-01,1638758,1615848.029201178,1490219.7687219065,1741476.2896804498,True
HU_LHBP,2026-01-01,1328630,1574692.1851495237,1452263.6916058352,1697120.678693212,False
HU_LHBP,2026-02-01,1329808,1632364.8957704334,1505452.4890235886,1759277.3025172781,False
HU_LHBP,2026-03-01,1479697,1738099.0200177236,1602966.0418666156,1873231.9981688315,False
PT_LPPR,2025-01-01,947799,1028244.5044575483,948300.9911395086,1108188.017775588,False
PT_LPPR,2025-02-01,1013815,1036144.7830504681,955587.0422562091,1116702.523844727,True
PT_LPPR,2025-03-01,1248046,1239835.9598030678,1143441.7246430265,1336230.1949631092,True
PT_LPPR,2025-04-01,1493601,1412391.1002516004,1302581.121940254,1522201.0785629468,True
PT_LPPR,2025-05-01,1563107,1553042.6618880427,1432297.3662060308,1673787.9575700546,True
PT_LPPR,2025-06-01,1621820,1616014.468198449,1490373.267491306,1741655.6689055918,True
PT_LPPR,2025-07-01,1671668,1742035.4685961704,1606596.441127033,1877474.4960653079,True
PT_LPPR,2025-08-01,1763317,1825614.028077044,1683676.9705634995,1967551.0855905886,True
PT_LPPR,2025-09-01,1631539,1714001.4879505811,1580742.0344012487,1847260.9414999136,True
PT_LPPR,2025-10-01,1565489,1580596.4213295064,1457708.8877601812,1703483.9548988317,True
PT_LPPR,2025-11-01,1169035,1196286.782556885,1103278.39017653,1289295.1749372398,True
PT_LPPR,2025-12-01,1234017,1283758.487653755,1183949.3826111404,1383567.5926963694,True
PT_LPPT,2025-01-01,2411662,2389956.157933871,2204142.870225504,2575769.4456422376,True
PT_LPPT,2025-02-01,2358318,2450297.9098804416,2259793.1974871266,2640802.6222737567,True
PT_LPPT,2025-03-01,2840299,2931066.613755836,2703183.3020949904,3158949.925416682,True
PT_LPPT,2025-04-01,3092634,3062502.311944773,2824400.1939172684,3300604.4299722775,True
PT_LPPT,2025-05-01,3266024,3145654.5701193362,2901087.565938795,3390221.5742998775,True
PT_LPPT,2025-06-01,3234636,3185306.563539034,2937656.7131577185,3432956.41392035,True
PT_LPPT,2025-07-01,3413305,3271144.2657493805,3016820.7424623556,3525467.7890364053,True
PT_LPPT,2025-08-01,3493203,3288799.4896264416,3033103.315555454,3544495.663697429,True
PT_LPPT,2025-09-01,3313968,3165241.18667848,2919151.370622978,3411331.0027339817,True
PT_LPPT,2025-10-01,3285448,3108379.733649807,2866710.7574896556,3350048.7098099585,True
PT_LPPT,2025-11-01,2707699,2698929.316383575,2489094.1158904945,2908764.5168766556,True
PT_LPPT,2025-12-01,2666683,2612314.3850172544,2409213.285109401,2815415.4849251076,True
RS_LYBE,2025-01-01,563693,566975.037382463,522894.10502105666,611055.9697438694,True
RS_LYBE,2025-02-01,496703,527718.9309163665,486690.0655064314,568747.7963263016,True
RS_LYBE,2025-03-01,556363,612434.8719174535,564819.5478118373,660050.1960230697,False
RS_LYBE,2025-04-01,682266,687965.8217757709,634478.1497317546,741453.4938197872,True
RS_LYBE,2025-05-01,751591,762663.962433758,703368.6913443424,821959.2335231735,True
RS_LYBE,2025-06-01,868030,811215.9951033496,748145.9213735961,874286.068833103,True
RS_LYBE,2025-07-01,974091,918974.2505526429,847526.2341329025,990422.2669723833,True
RS_LYBE,2025-08-01,1003934,924955.9804982445,853042.8991007697,996869.0618957194,False
RS_LYBE,2025-09-01,904927,872372.412408553,804547.5757404831,940197.2490766228,True
RS_LYBE,2025-10-01,812129,787647.9607656837,726410.244475027,848885.6770563404,True
RS_LYBE,2025-11-01,651269,632173.5628994089,583023.603501743,681323.5222970747,True
RS_LYBE,2025-12-01,648526,636118.3099422761,586661.6560411234,685574.9638434288,True
