model,airport,horizon,mae,rmse,mape,bias,mase
LightGBM_Recursive,FR_LFLL,1,12548.426667050575,12548.426667050575,1.677639761845632,-12548.426667050575,0.20446834281746387
LightGBM_Recursive,FR_LFRS,1,24710.744634411472,24710.744634411472,6.324137369742684,24710.744634411472,1.4418686331200532
LightGBM_Recursive,HU_LHBP,1,40396.9546631705,40396.9546631705,3.134954009176679,40396.9546631705,0.211398341461116
LightGBM_Recursive,PT_LPPT,1,21705.842066129204,21705.842066129204,0.900036657961572,-21705.842066129204,0.14014981059769882
LightGBM_Recursive,PT_LPPR,1,80445.50445754826,80445.50445754826,8.48761229517527,80445.50445754826,4.322470821425408
LightGBM_Recursive,RS_LYBE,1,3282.0373824629933,3282.0373824629933,0.5822384493798918,3282.0373824629933,0.45294471190491215
SARIMA,FR_LFLL,1,14345.95125173754,14345.95125173754,1.91795663950522,-14345.95125173754,0.23375782131198025
SARIMA,FR_LFRS,1,29873.478843188146,29873.478843188146,7.6454184894668655,29873.478843188146,1.7431134813390212
SARIMA,HU_LHBP,1,153748.67330709705,153748.67330709705,11.93146918644116,153748.67330709705,0.8045709091185336
SARIMA,PT_LPPT,1,51019.680949812755,51019.680949812755,2.1155402767806084,51019.680949812755,0.32942277015039617
SARIMA,PT_LPPR,1,77085.58500924753,77085.58500924753,8.13311525009496,77085.58500924753,4.141936758328275
SARIMA,RS_LYBE,1,14742.258746402571,14742.258746402571,2.615299240260669,-14742.258746402571,2.0345375029537083
Naive_Seasonal,FR_LFLL,1,61371.0,61371.0,8.204887557304264,-61371.0,0.0
Naive_Seasonal,FR_LFRS,1,17138.0,17138.0,4.386070425887489,-17138.0,0.0
Naive_Seasonal,HU_LHBP,1,191094.0,191094.0,14.829605509243379,-191094.0,0.0
Naive_Seasonal,PT_LPPT,1,154876.0,154876.0,6.421961286448931,-154876.0,0.0
Naive_Seasonal,PT_LPPR,1,18611.0,18611.0,1.9636019873411978,-18611.0,0.0
Naive_Seasonal,RS_LYBE,1,7246.0,7246.0,1.2854514780208377,7246.0,0.0
LightGBM_Recursive,FR_LFLL,3,23334.6524636033,25729.88826829432,3.0213925900693885,14969.034685569583,0.5591951032520142
LightGBM_Recursive,FR_LFRS,3,25201.710103675276,25221.014157642854,5.750470891588011,-8727.880347400962,0.7273710621304545
LightGBM_Recursive,HU_LHBP,3,46967.47896753446,51524.238465789604,3.6399945463130003,46967.47896753446,0.2602984918145084
LightGBM_Recursive,PT_LPPT,3,68151.12190080232,75653.1715756023,2.6653254992343594,53680.560523382854,0.8994552136414335
LightGBM_Recursive,PT_LPPR,3,36995.10923498283,48433.81449134351,3.782664636313462,31521.74910369473,1.3871085300323514
LightGBM_Recursive,RS_LYBE,3,30123.28007209433,37044.18335049833,5.634963037360363,30123.28007209433,3.4956614658936633
SARIMA,FR_LFLL,3,26846.613490772823,28321.078873669172,3.4025112357855547,-6244.760661896318,0.643356262809385
SARIMA,FR_LFRS,3,16062.709225936056,19068.14914883843,3.81926978376834,7348.227898811805,0.46360147078502806
SARIMA,HU_LHBP,3,134830.7188264951,142486.99221159756,10.414065453737392,134830.7188264951,0.7472454032515233
SARIMA,PT_LPPT,3,91097.75182723114,96571.3830295104,3.624289219013329,29229.646387067467,1.2023037265810859
SARIMA,PT_LPPR,3,57431.427437902974,59100.81235471828,5.538740100136218,24731.10354376763,2.1533555255925227
SARIMA,RS_LYBE,3,9992.01678397778,10799.96101067099,1.859980974561928,-9992.01678397778,1.1595253888261388
Naive_Seasonal,FR_LFLL,3,41729.0,47672.25779912953,5.284101333736909,-41729.0,0.0
Naive_Seasonal,FR_LFRS,3,34647.666666666664,40219.26462530114,7.84059160887217,-34647.666666666664,0.0
Naive_Seasonal,HU_LHBP,3,180437.0,180621.65160079784,13.611605659971485,-180437.0,0.0
Naive_Seasonal,PT_LPPT,3,75769.33333333333,96225.52296558331,3.1355393733448778,-35512.666666666664,0.0
Naive_Seasonal,PT_LPPR,3,26670.666666666668,28090.26784018503,2.4330574189589655,-26670.666666666668,0.0
Naive_Seasonal,RS_LYBE,3,8617.333333333334,10483.456554654735,1.6620915200290718,-2394.6666666666665,0.0
LightGBM_Recursive,FR_LFLL,6,31896.105362030114,34263.76388035444,3.630736184629869,27713.296473013255,0.9208768750465821
LightGBM_Recursive,FR_LFRS,6,37022.03724187117,46558.67405928583,6.405255274092812,-27701.967838137865,0.9083750723864062
LightGBM_Recursive,HU_LHBP,6,49737.29884367712,56009.94074753101,3.3843406711975033,-2769.819876142661,0.2511790274339552
LightGBM_Recursive,PT_LPPT,6,67380.65334987726,76376.6092953776,2.363470549685396,-6464.812137784669,0.6440605949222868
LightGBM_Recursive,PT_LPPR,6,34677.51622780942,47901.8894492019,2.9645022973445885,-419.08705847064266,0.5039994800906347
LightGBM_Recursive,RS_LYBE,6,27326.104887077043,35354.73607606106,4.293125002354039,8388.103254860229,0.7470367116334462
SARIMA,FR_LFLL,6,35729.897653391374,38014.88344155863,4.041218572050862,-25428.97123895312,1.031562823214071
SARIMA,FR_LFRS,6,33168.92183340521,45183.686912311896,5.5540743836664594,-21463.45327103128,0.8138347864153271
SARIMA,HU_LHBP,6,91881.05047562493,107416.47485315298,6.662696361233668,67027.68830334791,0.4640097760558522
SARIMA,PT_LPPT,6,142912.64875223464,158252.76735221033,4.858841184926973,-82748.94964508533,1.3660361097916205
SARIMA,PT_LPPR,6,101750.92836989572,111577.33929829895,7.450815859621053,-60669.66287906041,1.478837603600953
SARIMA,RS_LYBE,6,37089.980403307185,47482.24305740056,5.07581690823141,-37089.980403307185,1.0139599884262658
Naive_Seasonal,FR_LFLL,6,34636.666666666664,41361.93689049551,4.094274930782363,-34339.0,0.0
Naive_Seasonal,FR_LFRS,6,40756.333333333336,49711.64503413662,7.31772918238592,-30326.0,0.0
Naive_Seasonal,HU_LHBP,6,198015.33333333334,202831.37804343784,13.226094203046262,-198015.33333333334,0.0
Naive_Seasonal,PT_LPPT,6,104618.5,116356.98767657517,3.655185683177562,-84490.16666666667,0.0
Naive_Seasonal,PT_LPPR,6,68804.66666666667,81335.43581162313,4.780356294596519,-68804.66666666667,0.0
Naive_Seasonal,RS_LYBE,6,36579.333333333336,49207.167719754,4.999870852920609,-33468.0,0.0
LightGBM_Recursive,HU_LHBP,12,44225.44498135968,54078.423557542425,2.8566579092851287,2369.091435614702,0.25759294015881395
LightGBM_Recursive,PT_LPPT,12,94981.79524952709,113098.95287437922,3.0364354375432256,-64523.87464348079,0.986954586187023
LightGBM_Recursive,PT_LPPR,12,42941.06446089986,52317.31530243259,3.159222912893845,25392.762817759834,0.5092057282552352
LightGBM_Recursive,RS_LYBE,12,32215.846021304442,39741.704331409965,4.228419820893736,-14358.741950335805,0.6844787086565095
SARIMA,HU_LHBP,12,76155.81087307498,89589.91828357693,5.092998629324058,63729.12978693647,0.4435726817727282
SARIMA,PT_LPPT,12,104335.09752644792,127820.51754960779,3.5882318852799124,-16477.30966662313,1.084144627225403
SARIMA,PT_LPPR,12,77419.0785236995,91192.42393237798,5.335500083815284,-55763.661960764905,0.9180545185694152
SARIMA,RS_LYBE,12,34491.98360238475,42074.660222499246,4.336846904964378,-33087.109395343105,0.732839000395926
Naive_Seasonal,HU_LHBP,12,171687.33333333334,177697.70473381662,10.786351346557142,-171687.33333333334,0.0
Naive_Seasonal,PT_LPPT,12,96237.25,104633.30732730376,3.2348450549147234,-86173.08333333333,0.0
Naive_Seasonal,PT_LPPR,12,84329.5,91357.71981246759,5.792168424337038,-84329.5,0.0
Naive_Seasonal,RS_LYBE,12,47066.25,53792.57362235671,6.0279659467826425,-45510.583333333336,0.0
